[
    {
        "autonomia_id": "01",
        "nombre": "Andalucía"
    },
    {
        "autonomia_id": "02",
        "nombre": "Aragón"
    },
    {
        "autonomia_id": "03",
        "nombre": "Asturias, Principado de"
    },
    {
        "autonomia_id": "04",
        "nombre": "Balears, Illes"
    },
    {
        "autonomia_id": "05",
        "nombre": "Canarias"
    },
    {
        "autonomia_id": "06",
        "nombre": "Cantabria"
    },
    {
        "autonomia_id": "07",
        "nombre": "Castilla y León"
    },
    {
        "autonomia_id": "08",
        "nombre": "Castilla - La Mancha"
    },
    {
        "autonomia_id": "09",
        "nombre": "Cataluña"
    },
    {
        "autonomia_id": "10",
        "nombre": "Comunitat Valenciana"
    },
    {
        "autonomia_id": "11",
        "nombre": "Extremadura"
    },
    {
        "autonomia_id": "12",
        "nombre": "Galicia"
    },
    {
        "autonomia_id": "13",
        "nombre": "Madrid, Comunidad de"
    },
    {
        "autonomia_id": "14",
        "nombre": "Murcia, Región de"
    },
    {
        "autonomia_id": "15",
        "nombre": "Navarra, Comunidad Foral de"
    },
    {
        "autonomia_id": "16",
        "nombre": "País Vasco"
    },
    {
        "autonomia_id": "17",
        "nombre": "Rioja, La"
    },
    {
        "autonomia_id": "18",
        "nombre": "Ceuta"
    },
    {
        "autonomia_id": "19",
        "nombre": "Melilla"
    }
]